PHIX,MBVI,MPHI,Swirr_PHIX
0.3730233,0.244925,0.309553,0.6565943735954296
0.3563548,0.251558,0.324391,0.7059200549564647
0.3474236,0.25819,0.33923,0.7431561931889485
0.3486857,0.23627,0.32766,0.6776016337922662
0.356006,0.22117,0.31347,0.6212535743779599
0.3552711,0.220865,0.308485,0.6216801760683602
0.3704257,0.22056,0.3035,0.5954230497505978
0.3650218,0.23072,0.29868,0.6320718379011884
0.3552884,0.24244,0.29986,0.6823752196806875
0.3244648,0.25509,0.30001,0.786186976214369
0.3250736,0.26388,0.29225,0.8117546303360224
0.3235419,0.259535,0.284205,0.8021681272193804
0.3219552,0.25519,0.27616,0.7926258063233642
0.3270613,0.23695,0.25431,0.7244819243365082
0.3420612,0.21801,0.23265,0.6373420896611484
0.3535967,0.20129,0.215,0.569264362478496
0.3539206,0.18667,0.19797,0.5274346845026823
0.3534627,0.180225,0.19113,0.5098840698042537
0.3281034,0.17378,0.18429,0.5296501042049548
0.3278666,0.16613,0.17775,0.5066999810288697
0.3212372,0.16,0.17239,0.4980743201596826
0.3219222,0.15458,0.16652,0.48017812999538395
0.3467922,0.15103,0.16184,0.43550575820332754
0.3496554,0.150895,0.16123,0.43155346664172783
0.3493243,0.15076,0.16062,0.43157604552560475
0.3518113,0.14945,0.15922,0.4248015910802183
0.352614,0.14734,0.157385,0.41785068091454114
0.3540507,0.14523,0.15555,0.4101954889511587
0.3582069,0.14176,0.15321,0.3957489372761943
0.3595306,0.13729,0.15048,0.38185901283506885
0.3640478,0.13738,0.1509,0.3773680269459121
0.3669661,0.13747,0.15132,0.3746122598245451
0.3658697,0.14534,0.15814,0.3972452487866582
0.363949,0.14903,0.16088,0.40948044918381415
0.3567602,0.14734,0.15876,0.4129944988258219
0.3555434,0.14704,0.15846,0.4135641387239926
0.3554879,0.14707,0.158375,0.41371309684520907
0.3555342,0.1471,0.15829,0.4137436004750035
0.3572493,0.14834,0.15907,0.4152282453737488
0.3671175,0.1531,0.1632,0.4170326938922825
0.3675118,0.15893,0.16844,0.43244869960637994
0.3678134,0.16643,0.17585,0.45248487412367244
0.371984,0.169075,0.178725,0.4545222375155921
0.3692382,0.17172,0.1816,0.46506564055398386
0.3727531,0.17489,0.18569,0.46918456211363496
0.3722355,0.17673,0.18864,0.4747800787404748
0.372269,0.17798,0.19038,0.4780951408793104
0.3687113,0.17767,0.18999,0.4818675207404817
0.3686849,0.176285,0.188595,0.4781454298779256
0.3689536,0.1749,0.1872,0.4740433485403043
0.3684791,0.17111,0.18348,0.4643682640345138
0.3650379,0.16756,0.17976,0.4590208304397981
0.3650191,0.16752,0.17882,0.4589348886126781
0.3726412,0.1685,0.17895,0.4521775906689867
0.3705961,0.16782,0.178215,0.45283800881876524
0.3707043,0.16714,0.17748,0.450871489756121
0.3695228,0.16576,0.17646,0.44857854508571593
0.3683407,0.16631,0.17732,0.45151133176431496
0.3680413,0.17127,0.18206,0.4653553826703688
0.3685273,0.17704,0.18743,0.4803986027629432
0.3692701,0.17949,0.189725,0.48606697374090135
0.3695485,0.18194,0.19202,0.49233050600936007
0.3688931,0.18479,0.19492,0.500931028528319
0.3688427,0.18623,0.19639,0.5049035808489635
0.3715271,0.18833,0.19822,0.5069078406393503
0.3803749,0.18819,0.19815,0.49474873342063314
0.3809397,0.18712,0.197325,0.49120635103140997
0.3805121,0.18605,0.1965,0.48894634362481504
0.3690279,0.18524,0.19577,0.5019674664164958
0.3691265,0.18754,0.19728,0.5080643085771409
0.3685604,0.19458,0.20327,0.5279460300129911
0.368315,0.20215,0.21028,0.5488508477797537
0.3684785,0.20469,0.21289,0.5555005244539369
0.3688867,0.20723,0.2155,0.5617714056917748
0.3687464,0.20596,0.2148,0.5585410460956365
0.3682606,0.19848,0.20765,0.5389661560318969
0.3676569,0.19133,0.20075,0.5204036698345659
0.3674532,0.18757,0.1973,0.5104595632858824
0.367865,0.189135,0.198935,0.5141424163755726
0.3675767,0.1907,0.20057,0.5188032864977569
0.3677007,0.20263,0.21295,0.5510731962163793
0.3559566,0.21069,0.22516,0.5918980010484424
0.3540697,0.20292,0.22771,0.5731074983258946
0.3480937,0.19202,0.23012,0.5516330804033511
0.3307289,0.188415,0.23453,0.5696962073770995
0.3491475,0.18481,0.23894,0.529317838449366
0.3514554,0.1789,0.24979,0.5090261808468444
0.3667824,0.17881,0.26749,0.4875097605555773
0.359782,0.17576,0.28267,0.4885180470395962
0.3655833,0.16612,0.28615,0.4543971237198198
0.3692597,0.160465,0.285515,0.43455865885175116
0.3670724,0.15481,0.28488,0.4217424137581578
0.3513126,0.14028,0.28179,0.3993025015328229
0.3330029,0.13057,0.27988,0.3920986874288482
0.3457378,0.12861,0.28104,0.3719870954231791
0.366761,0.1305,0.28385,0.3558175487579105
0.3827113,0.13145,0.283395,0.34347039138901836
0.3975946,0.1324,0.28294,0.3330025105974779
0.4047305,0.12754,0.27993,0.31512327338809404
0.407368,0.11431,0.28071,0.2806062331847371
0.4148213,0.10848,0.28916,0.26151019728254066
0.4247042,0.11177,0.30385,0.2631714025903205
0.4100912,0.114355,0.30946,0.27885260644461524
0.3880247,0.11694,0.31507,0.3013725672618264
0.3747978,0.12548,0.31659,0.3347938541795069
0.3641903,0.14032,0.31108,0.3852930734289189
0.3673804,0.16311,0.3073,0.4439812249102021
0.3354183,0.18471,0.30687,0.5506855171587239
0.3244556,0.192705,0.30714,0.5939333455794875
0.3055476,0.2007,0.30741,0.6568534657120527
0.3248957,0.21,0.30072,0.6463612784041155
0.3614383,0.20493,0.28435,0.5669847384740355
0.3927032,0.19333,0.26721,0.49230563947530864
0.3801103,0.17909,0.24937,0.4711527154091852
0.3686712,0.16904,0.23861,0.4585115409069111
0.3542536,0.15899,0.22785,0.44880277857444495
0.3512973,0.13585,0.20483,0.38670949079312594
0.3495563,0.12437,0.19158,0.3557939021553896
0.3529477,0.12904,0.18723,0.3656065757051257
0.3645627,0.14178,0.18892,0.3889042954750993
0.3682527,0.143328,0.18919,0.3892109956016616
0.3628001,0.144875,0.18946,0.3993245867352297
0.3677386,0.14797,0.19,0.4023782110444756
0.3643528,0.14064,0.18393,0.38599950377765724
0.3666799,0.12919,0.17269,0.35232364795561466
0.3589143,0.13997,0.17404,0.3899816752912882
0.3590059,0.145545,0.17671,0.4054111645518918
0.3682734,0.15112,0.17938,0.41034731262154694
0.3656557,0.16349,0.18771,0.4471145944121752
0.3464671,0.16816,0.197,0.485356329648616
0.3481755,0.17366,0.20973,0.49877145290234376
0.339873,0.18223,0.22477,0.5361708638226632
0.3451636,0.18545,0.230845,0.5372814514624369
0.3354975,0.18867,0.23692,0.5623588849395301
0.3359247,0.19882,0.24677,0.5918588302676164
0.336072,0.20592,0.25288,0.612725844461901
0.3359208,0.20973,0.25495,0.6243435952760293
0.335383,0.21543,0.25438,0.6423402498039555
0.3355523,0.21747,0.255245,0.6480956917893276
0.3355378,0.21951,0.25611,0.6542034906350344
0.3350571,0.22627,0.26922,0.6753177294258202
0.3339609,0.23742,0.29211,0.7109215480015774
0.3530249,0.24541,0.31093,0.6951634289819217
0.380763,0.24516,0.31752,0.6438650814286051
0.3906967,0.2431,0.31787,0.6222217899460118
0.3909688,0.24104,0.31822,0.6165197836758329
0.3843835,0.23704,0.31322,0.6166757938361038
0.36903,0.23574,0.30443,0.6388098528574913
0.3555331,0.23979,0.30186,0.6744519708572845
0.3571074,0.23454,0.29734,0.6567772048408965
0.3514806,0.227,0.2922,0.6458393436223793
0.3920128,0.21946,0.28706,0.5598286586560438
0.3932187,0.19317,0.26974,0.49125334069819165
0.3890053,0.18805,0.27079,0.4834124367971336
0.3847991,0.18877,0.28362,0.4905676754441473
0.3883904,0.18798,0.29171,0.48399754473848994
0.3923721,0.18719,0.2998,0.47707265628723344
0.3954076,0.17243,0.31462,0.43608165346341343
0.403827,0.14467,0.32323,0.35824746735607077
0.403604,0.12202,0.32546,0.30232604235835125
0.4030384,0.11545,0.32873,0.2864491323903628
0.3942149,0.113875,0.33141,0.2888652864211881
0.3961026,0.1123,0.33409,0.28351240309960096
0.405446,0.10877,0.33584,0.268272470316639
0.4073308,0.11238,0.33461,0.2758936962292073
0.3989212,0.10865,0.33069,0.27235955371637305
0.3887971,0.09323,0.32701,0.23979088321389228
0.3969396,0.090155,0.327725,0.2271252351743187
0.4051321,0.08708,0.32844,0.21494223735912313
0.4059049,0.08531,0.33053,0.2101723827428543
0.4059703,0.08378,0.33347,0.20636977631122275
0.4085252,0.08903,0.34102,0.21793025252787343
0.4117213,0.0936,0.34825,0.2273382504135686
0.4083449,0.099235,0.35294,0.24301760595026412
0.4076104,0.10487,0.35763,0.25727999089326475
0.4112067,0.12775,0.37168,0.3106710080356181
0.4109954,0.14199,0.37969,0.3454783192220643
0.4047734,0.14719,0.38066,0.3636355551031762
0.3884389,0.15113,0.37827,0.38907019868504417
0.3680532,0.15407,0.37266,0.4186079621098254
0.3802987,0.15701,0.36705,0.41285968108752413
0.3876076,0.16724,0.35052,0.4314672880511115
0.382759,0.17573,0.33881,0.45911395943661676
0.3672721,0.18975,0.33488,0.5166469219959806
0.3674494,0.20427,0.33383,0.5559132767668148
0.3658887,0.20826,0.33446,0.5691894830313152
0.3513979,0.21225,0.33509,0.604016131001352
0.3473405,0.22099,0.34042,0.6362344730890869
0.346115,0.23164,0.34318,0.6692573277667827
0.3660208,0.24032,0.33992,0.6565747083225871
0.3671536,0.24558,0.3303,0.6688753698724457
0.3484066,0.24591,0.32293,0.7058132653055367
0.3487767,0.24624,0.31556,0.7060104645751852
0.3475424,0.24926,0.30522,0.7172074543998086
0.3512366,0.25224,0.30099,0.7181483934191368
0.3361148,0.25602,0.30149,0.7617040368350338
0.3349554,0.26071,0.29993,0.7783424300668088
0.3533648,0.259955,0.297185,0.7356561830719981
0.353789,0.2592,0.29444,0.7326400764297363
0.3498042,0.26385,0.29602,0.7542791081410686
0.3368258,0.27724,0.30658,0.8230960929952514
0.3471836,0.28142,0.31363,0.8105797624081322
0.3491587,0.28019,0.32044,0.8024717700002892
0.3610924,0.282,0.321515,0.7809635428494203
0.3612227,0.28381,0.32259,0.7856925935164096
0.3659486,0.28211,0.31758,0.7709006128183029
0.3433409,0.27717,0.31893,0.8072734707691395
0.3542753,0.27631,0.32154,0.7799301842380769
0.3356115,0.27862,0.32814,0.8301860931463909
0.3368577,0.280825,0.335145,0.8336606228683506
0.3369842,0.28303,0.34215,0.8398910097268655
0.3611532,0.28748,0.34624,0.7960056840144294
0.368541,0.29492,0.3506,0.8002366086812593
0.3577259,0.30139,0.35391,0.8425165748412402
0.3575919,0.30627,0.3517,0.8564791316581835
0.3563606,0.311435,0.35373,0.8739321911569349
0.3468813,0.3166,0.35576,0.9127041440400505
0.337841,0.3268,0.35857,0.9673189458946664
0.3458378,0.32749,0.35208,0.946946805699088
0.3382231,0.32077,0.34452,0.9483976700586092
0.3458421,0.30724,0.33747,0.8883822993209908
0.3377821,0.301835,0.336145,0.8935790262420656
0.338211,0.29643,0.33482,0.8764646921596283
0.3532567,0.29231,0.3362,0.827471920560884
0.3533585,0.28833,0.33138,0.8159701832558152
0.3482772,0.28469,0.31972,0.8174235924717438
0.3485996,0.28362,0.31107,0.8135981796881006
0.3635748,0.279215,0.30742,0.7679712675355937
0.350381,0.27481,0.30377,0.784317642794558
0.3817416,0.24705,0.2935,0.6471655171980208
0.3814185,0.21226,0.28424,0.5565015855287565
0.3845961,0.18396,0.2871,0.47831998296394584
0.388562,0.16101,0.30312,0.4143740252520833
0.4050936,0.14977,0.312405,0.3697170234237223
0.4154097,0.13853,0.32169,0.3334780097816685
0.4208771,0.11832,0.33761,0.28112719841492917
0.4288704,0.09927,0.34507,0.23146852755517752
0.4145613,0.08177,0.34999,0.19724465356510604
0.4146207,0.0697,0.36137,0.16810545156090856
0.4069273,0.069655,0.366805,0.1711730817765237
0.4159598,0.07243,0.37449,0.1741274036577573
0.413639,0.07269,0.37334,0.1757329458779274
0.4078696,0.07449,0.37284,0.18263189999941157
0.40789,0.07866,0.37293,0.1928461104709603
0.4219413,0.0781,0.371125,0.18509683692968668
0.4098403,0.07754,0.36932,0.18919564523059348
0.4085983,0.07494,0.36594,0.18340751784821424
0.4099118,0.06976,0.36159,0.17018295155201682
0.4246103,0.06792,0.35705,0.15995843718345973
0.4204443,0.07164,0.35439,0.17039117904559534
0.4193121,0.072135,0.35212,0.1720317634525691
0.4091597,0.07263,0.34985,0.1775101506819953
0.4077777,0.07534,0.34258,0.18475752842786647
0.3996634,0.08085,0.33457,0.20229523143725447
0.399569,0.08386,0.33082,0.20987614154251205
0.4059348,0.08654,0.33241,0.21318694529269236
0.4056081,0.087045,0.333765,0.2146037024408536
0.4050009,0.08755,0.33512,0.21617235912315258
0.3969135,0.08371,0.34006,0.2109023754546016
0.3980139,0.07467,0.34362,0.18760651323986424
0.4071641,0.06718,0.34508,0.16499490009065143
0.414026,0.06549,0.34458,0.1581784718834083
0.4254961,0.0648,0.343995,0.15229281772500383
0.4240526,0.06411,0.34341,0.1511840748058142
0.4076805,0.06635,0.34878,0.16274999662726083
0.386351,0.08423,0.36368,0.21801418916995166
0.3926998,0.11007,0.37809,0.2802904406877722
0.3819438,0.13167,0.37971,0.34473658166463234
0.3811091,0.1347,0.376185,0.35344209833876966
0.3528323,0.13773,0.37266,0.39035541814057273
0.3517616,0.13203,0.36193,0.3753394344351402
0.3722139,0.12633,0.3511,0.33940161826304716
0.3654723,0.11533,0.34589,0.3155642712183659
0.3917557,0.10024,0.34478,0.2558737498905568
0.3816315,0.09335,0.34349,0.24460769092698062
0.3752864,0.08646,0.3422,0.2303840480230565
0.3741038,0.08374,0.34257,0.22384161828882784
0.3689802,0.09836,0.3481,0.2665725694766278
0.3923444,0.11532,0.35497,0.29392543897657264
0.3943049,0.13229,0.35607,0.3355017906193912
0.3966542,0.136075,0.35325,0.3430570002788323
0.393545,0.13986,0.35043,0.35538502585473075
0.3927188,0.12628,0.34543,0.3215532335095748
0.3891362,0.09906,0.34237,0.2545638262387308
0.38388,0.08038,0.34267,0.20938835052620608
0.3809607,0.08029,0.35047,0.210756647601708
0.365778,0.08375,0.355455,0.22896401642526343
0.390531,0.08721,0.36044,0.22331133764028974
0.3918817,0.09072,0.36762,0.23149843434893744
0.381311,0.09086,0.3714,0.23828318616562333
0.3730505,0.09395,0.36778,0.25184257895378775
0.3800557,0.10445,0.36454,0.274828137033598
0.3912678,0.10966,0.36524,0.28026839929071595
0.3941778,0.11487,0.36594,0.29141671600988184
0.395552,0.12307,0.3721,0.31113481918938596
0.3934003,0.13042,0.37296,0.3315198285308883
0.3937575,0.13515,0.36661,0.34323155749414297
0.4029074,0.12566,0.36036,0.311883077848657
0.4043792,0.117585,0.36122,0.29077905095019724
0.3871759,0.10951,0.36208,0.2828430178634569
0.3870113,0.0987,0.36893,0.25503131303918
0.3876483,0.09184,0.37938,0.2369157816505322
0.4048315,0.08845,0.39077,0.21848596267829948
0.4052624,0.09184,0.40006,0.22661860562440533
0.4059107,0.093205,0.40272,0.2296194704894451
0.3956697,0.09457,0.40538,0.2390124894577472
0.3871785,0.09343,0.40487,0.24130988678348617
0.4056385,0.09643,0.40154,0.2377239833004017
0.4102923,0.10487,0.39742,0.25559826494428484
0.410759,0.11251,0.39139,0.27390757110617175
0.411275,0.115115,0.38523,0.2798978785484165
0.4076601,0.11772,0.37907,0.2887699826399493
0.4063135,0.12535,0.36544,0.3085056243516398
0.4016973,0.13883,0.35587,0.3456084967461818
0.4044156,0.15512,0.34899,0.38356581694672515
0.3912999,0.17428,0.34196,0.445387284791026
0.3841413,0.185265,0.34071,0.4822834722535692
0.3779627,0.19625,0.33946,0.5192311304792775
0.381962,0.21511,0.34377,0.5631712055125903
0.3816796,0.23395,0.35342,0.6129486616523387
0.3815183,0.25161,0.3639,0.6594965431540244
0.3816055,0.25546,0.36766,0.669434795882135
0.3845407,0.249975,0.366825,0.6500612288894257
0.3847005,0.24449,0.36599,0.6355333564682136
0.38498,0.21775,0.36161,0.5656137981193828
0.389469,0.18497,0.35335,0.4749286849531028
0.3964886,0.16439,0.34312,0.4146146951009436
0.4047778,0.15588,0.33754,0.38510017100740207
0.3867422,0.15498,0.338825,0.40073206389165705
0.3864552,0.15408,0.34011,0.3987008067170528
0.3843762,0.15564,0.34874,0.40491580904332786
0.3884193,0.15809,0.35692,0.4070086115700224
0.3886193,0.1687,0.3638,0.4341009311683696
0.3927689,0.17488,0.36048,0.4452491019528278
0.3895441,0.17268,0.355915,0.44328742239967184
0.3820591,0.17048,0.35135,0.4462136878823198
0.3819389,0.16287,0.34455,0.42642946293242184
0.3904245,0.14912,0.34106,0.3819432438281921
0.3764815,0.13341,0.33737,0.35436004159566936
0.3505965,0.12191,0.3343,0.3477216686418718
0.3548408,0.11882,0.334215,0.3348543910395873
0.3558308,0.11573,0.33413,0.3252388494756497
0.3666304,0.11141,0.33393,0.3038755105959571
0.3656801,0.11031,0.33234,0.30165710411914676
0.383354,0.11323,0.33185,0.2953666845787445
0.3917015,0.11804,0.33367,0.3013519223183981
0.3917893,0.12219,0.33154,0.31187681746285567
0.3688978,0.12634,0.32941,0.3424796786535458
0.3695022,0.13354,0.32005,0.36140515536849305
0.3696565,0.13576,0.31374,0.3672598750461577
0.391211,0.14141,0.31111,0.3614673411534952
0.3752318,0.15335,0.30912,0.40868071416121976
0.3806985,0.158515,0.30691,0.41637936582361107
0.35028,0.16368,0.3047,0.4672833162041795
0.3687628,0.16213,0.30225,0.43965931487666327
0.373101,0.15777,0.3102,0.42286136997756635
0.3803327,0.15569,0.31955,0.40935212775551505
0.391393,0.14733,0.32246,0.3764247188886873
0.3934341,0.140755,0.322905,0.3577600416435687
0.3908054,0.13418,0.32335,0.343342236315056
0.3804919,0.12519,0.32591,0.32902145880109407
0.3484437,0.12301,0.33429,0.35302690219395555
0.3537138,0.12607,0.34604,0.35641809847396394
0.3809115,0.12631,0.35689,0.33159933475361075
0.3917668,0.119665,0.35754,0.3054495684677721
0.3902114,0.11302,0.35819,0.28963787321436535
0.3793609,0.09385,0.34737,0.2473897547164191
0.3774254,0.08618,0.33813,0.22833651365276422
0.382881,0.08765,0.33871,0.2289223022296745
0.3615572,0.09299,0.34574,0.25719305271752296
0.3502092,0.10043,0.35137,0.2867714497506062
0.3520164,0.10787,0.357,0.3064345865703984
0.3612166,0.11992,0.366,0.3319891721476809
0.3633024,0.12464,0.36844,0.34307508015361304
0.363868,0.13937,0.36523,0.3830235140215682
0.356185,0.16878,0.35303,0.4738548787849012
0.3644678,0.177155,0.33956,0.48606488693925776
0.3645207,0.18553,0.32609,0.508969723804437
0.3648003,0.1919,0.30075,0.5260412340669676
0.3489955,0.20434,0.29031,0.5855089822075069
0.3381928,0.21619,0.28766,0.6392507469112293
0.3346387,0.22597,0.28658,0.6752655924135493
0.3345701,0.239515,0.29096,0.7158888376456832
0.3465632,0.25306,0.29534,0.7301987054597834
0.3456088,0.27891,0.3098,0.8070107011164067
0.3366979,0.27572,0.31401,0.8188943263382398
0.3480185,0.25343,0.30609,0.7282084142078653
0.336028,0.2421,0.30527,0.7204756746461605
0.3336335,0.240985,0.31176,0.722304564739452
0.331557,0.23987,0.31825,0.7234653468332746
0.3414709,0.24472,0.3391,0.7166642896949637
0.3645603,0.24326,0.34515,0.667269584757309
0.3667471,0.23053,0.33189,0.6285802941591087
0.381035,0.21829,0.31877,0.5728870051307623
0.3798149,0.216615,0.316605,0.5703172782321072
0.3696445,0.21494,0.31444,0.5814776088917866
0.3543627,0.22568,0.31624,0.6368616109991261
0.3415672,0.24422,0.31773,0.7149983956304937
0.3351172,0.25782,0.31686,0.769342785150986
0.3526617,0.27195,0.3163,0.7711356237436614
0.3570259,0.277515,0.315695,0.7772965490738908
0.3628142,0.28308,0.31509,0.7802340702210664
0.3533505,0.28474,0.30826,0.8058287734133671
0.3386569,0.28291,0.29952,0.8353882646418839
0.3352304,0.28421,0.29639,0.8478049723414106
0.3374619,0.29442,0.3142,0.8724540459234066
0.3404808,0.306105,0.32971,0.8990374787653226
0.351757,0.31779,0.34522,0.9034361789530841
0.3646711,0.32476,0.36283,0.8905559009200344
0.382809,0.30106,0.3637,0.7864496393762946
0.3821227,0.26439,0.36498,0.6918981782553092
0.3811217,0.23359,0.37714,0.6129013383389085
0.3808279,0.22041,0.38268,0.5787653688188287
0.3745541,0.20723,0.38822,0.5532712096863978
0.3687439,0.18716,0.39324,0.5075609386351883
0.3660257,0.18748,0.39097,0.5122044708882464
0.3500146,0.18291,0.38771,0.5225782010236144
0.3653935,0.16225,0.38607,0.4440418343511858
0.3830984,0.147255,0.38324,0.3843790524836439
0.3828701,0.13226,0.38041,0.3454435329371502
0.3804201,0.09913,0.36351,0.26058034262648055
0.3695991,0.08571,0.34962,0.23189991534070292
0.3831336,0.09953,0.34649,0.2597788343282865
0.3941878,0.10744,0.34975,0.2725604394656557
0.3849706,0.10023,0.351855,0.26035754418649115
0.3728937,0.09302,0.35396,0.24945446919591296
0.3682714,0.08139,0.35753,0.22100548671441766
0.3809359,0.0835,0.3597,0.21919698300947746
0.3924701,0.08203,0.35802,0.2090095525748331
0.3924283,0.07356,0.3504,0.1874482548786619
0.3931571,0.07525,0.34742,0.1913993159477471
0.3815785,0.07694,0.34444,0.20163609846990854
0.3838845,0.08957,0.34251,0.23332538823526344
0.3856193,0.09365,0.33973,0.24285610186004694
0.4034695,0.08787,0.33476,0.2177859788658127
0.3959087,0.08267,0.32732,0.20881076874542032
0.3892401,0.086105,0.327915,0.22121307645332536
0.3854516,0.08954,0.32851,0.2322989449258999
0.3832722,0.10529,0.33906,0.274713376028838
0.3915891,0.12301,0.35532,0.3141302962722915
0.3921797,0.1318,0.3672,0.33607042893857075
0.3924427,0.13303,0.37533,0.3389794229832789
0.3925159,0.13185,0.379705,0.33590995931629775
0.3927502,0.13067,0.38408,0.33270511383571544
0.3959164,0.12731,0.39025,0.3215577834108413
0.3934727,0.12753,0.39206,0.32411397283725146
0.3932937,0.12739,0.38952,0.3239055189544099
0.3894525,0.12152,0.38045,0.31202778259222885
0.3908063,0.11731,0.372505,0.300174280711442
0.3938002,0.1131,0.36456,0.28720147932885765
0.3907575,0.10679,0.35343,0.2732897001337147
0.3897897,0.10135,0.34988,0.26001200134328845
0.3954554,0.10177,0.35089,0.25734886917715627
0.3943538,0.10495,0.35182,0.2661315803220357
0.3894854,0.10581,0.352495,0.27166615231276964
0.3674202,0.10667,0.35317,0.29032154465105625
0.368427,0.10568,0.35606,0.286841083851075
0.3883873,0.09469,0.36418,0.24380302857482725
0.3866883,0.08232,0.37803,0.21288464119550554
0.3873376,0.08164,0.39334,0.21077220491891313
0.3954056,0.08535,0.397805,0.2158543025187301
0.3970675,0.08906,0.40227,0.22429435801217676
0.3954323,0.09284,0.40259,0.2347810231991671
0.397661,0.08462,0.38992,0.21279431475553298
0.3854243,0.07423,0.37354,0.1925929423754548
0.3966938,0.07613,0.36585,0.191911242373841
0.3923661,0.07973,0.363895,0.20320307998066092
0.3921859,0.08333,0.36194,0.21247576723181533
0.3910985,0.08061,0.34941,0.20611175956952021
0.3913479,0.0745,0.33421,0.1903677009637716
0.3918555,0.07098,0.32506,0.18113820017838209
0.3806685,0.07153,0.32448,0.1879062754076053
0.3646894,0.07526,0.32835,0.2063673909907993
0.3657476,0.07899,0.33222,0.2159686078596278
0.3918697,0.09231,0.34111,0.23556299453619406
0.3918921,0.09828,0.34491,0.25078331510127405
0.3926354,0.09742,0.35095,0.24811822876898007
0.392049,0.0941,0.36159,0.24002101778094068
0.3924561,0.09183,0.36711,0.2339879543215152
0.3930732,0.08956,0.37263,0.2278456022949415
0.3936994,0.08554,0.38165,0.21727236566781663
0.4062847,0.07891,0.38292,0.1942234103327051
0.3980411,0.07304,0.38077,0.1834986387084148
0.387895,0.06901,0.37897,0.1779089702110107
0.3875919,0.0659,0.376395,0.17002419297204097
0.4001414,0.06279,0.37382,0.15691952894651742
0.3962377,0.05499,0.36688,0.13878033311822674
0.3922109,0.05501,0.36178,0.14025617340058627
0.3652606,0.05653,0.35618,0.1547662134925037
0.3646506,0.0546,0.35068,0.1497323739491996
0.3677144,0.050485,0.34765,0.13729405212306073
0.3683494,0.04637,0.34462,0.12588591158286128
0.3610018,0.04161,0.34069,0.11526258317825563
0.3699438,0.05019,0.34164,0.13566925570856977
0.3932681,0.07729,0.34841,0.19653259443112725
0.4027796,0.10092,0.36001,0.2505588664371284
0.3909882,0.10974,0.364545,0.2806734320882318
0.387571,0.11856,0.36908,0.3059052405881761
0.392101,0.1217,0.3623,0.3103792135189658
0.3917183,0.10821,0.34345,0.27624443381889485
0.3917851,0.09922,0.32667,0.2532510807583035
0.3826965,0.08718,0.31756,0.22780453962866135
0.3932769,0.0785,0.3184,0.19960490941624082
0.3935143,0.06982,0.31924,0.1774268431922296
0.3950516,0.06546,0.33198,0.1656998731304974
0.3931898,0.06989,0.34462,0.177751304840563
0.3836455,0.07472,0.352,0.1947631341955008
0.3640596,0.07856,0.35501,0.21578884336520726
0.3644891,0.08498,0.35739,0.23314826149808046
0.3806988,0.0914,0.35977,0.24008481245541094
0.3930939,0.1085,0.36302,0.2760154762004702
0.395089,0.11859,0.35656,0.3001602170650157
0.3967957,0.11838,0.33775,0.2983399265667446
0.3931531,0.11724,0.31765,0.2982044399497295
0.3920291,0.119065,0.31283,0.30371469873027285
0.3725966,0.12089,0.30801,0.3244527727842927
0.3789783,0.13348,0.30859,0.3522101397362329
0.3799392,0.15849,0.31057,0.4171456906789297
0.384283,0.17831,0.30423,0.464006994844945
0.3830081,0.18703,0.2921,0.4883186543574405
0.370899,0.19144,0.28778,0.5161512972534302
0.3481152,0.19585,0.28346,0.5626011159524203
0.3375593,0.2103,0.27778,0.6230016474142469
0.3335622,0.22402,0.2662,0.6715988802088486
0.3354453,0.2279,0.25914,0.6793954185674982
0.3664145,0.21818,0.25858,0.5954458679992195
0.3685001,0.212805,0.25977,0.5774896668956128
0.3687287,0.20743,0.26096,0.5625545285734471
0.357212,0.20149,0.28756,0.5640627974424152
0.3543688,0.18824,0.29517,0.5311980061450106
0.3658491,0.17392,0.29661,0.4753872566585513
0.3816642,0.17205,0.295015,0.4507889395966402
0.3831746,0.17018,0.29342,0.4441317352454991
0.3760591,0.17208,0.2888,0.45758765045175087
0.3515446,0.17529,0.29355,0.4986280545910818
0.3655836,0.17022,0.30608,0.46561169592946733
0.3655504,0.16301,0.32164,0.44593030126625494
0.3680788,0.16167,0.328215,0.43922660039100325
0.3476497,0.16033,0.33479,0.4611826214721313
0.3505267,0.16332,0.34195,0.4659274172267048
0.361296,0.1784,0.34286,0.4937779549178513
0.3775956,0.19226,0.33632,0.5091690687073684
0.3832524,0.18662,0.32264,0.4869375899537746
0.3840171,0.181155,0.317765,0.47173680547038144
0.3801438,0.17569,0.31289,0.46216721146050527
0.3811685,0.18343,0.31466,0.4812307417848012
0.3797635,0.21293,0.3299,0.5606910616739103
0.3736411,0.23673,0.34493,0.6335759101447886
0.3694965,0.23008,0.347,0.6226851945823574
0.3697764,0.21509,0.34679,0.5816758451864424
0.3785738,0.2001,0.34658,0.5285627267391457
0.3745711,0.18257,0.35736,0.4874108013138227
0.3902152,0.18013,0.37492,0.4616170769360087
0.3813404,0.16694,0.38215,0.4377716077289477
0.3934097,0.14268,0.36782,0.36267534837092225
0.3895712,0.13724,0.35829,0.35228476848391255
0.3809534,0.1318,0.34876,0.34597407451935064
0.3675548,0.12927,0.33499,0.35170265767172676
0.3715764,0.12157,0.32374,0.3271736310486888
0.396295,0.11343,0.31308,0.2862261698986866
0.4009169,0.11488,0.29898,0.2865431714153232
0.3947683,0.117965,0.294675,0.29882085263685054
0.3926872,0.12105,0.29037,0.30826062066703475
0.3825255,0.12134,0.29078,0.31720761099586825
0.3793636,0.12597,0.29135,0.3320561065953613
0.3676531,0.13768,0.28614,0.3744834464880073
0.3670399,0.14392,0.27566,0.3921099586175781
0.3727311,0.143415,0.26989,0.38476800030907
0.3728773,0.14291,0.26412,0.38326280521769496
0.3682821,0.15136,0.25923,0.4109892932618772
0.3654735,0.16656,0.26582,0.45573755689537
0.3382502,0.20406,0.3182,0.6032812397450171
0.3358168,0.25583,0.40602,0.7618141796360396
0.3359158,0.27659,0.43999,0.8233908616385416
0.3345291,0.29735,0.47396,0.8888613875444616
